Workbook

Sheet Summary
A1: Ashgrove Dental: gap assessment register
A2: Source: notes (2).md (as submitted, with grading added). Built 2026-10-22 by tools/notes_to_xlsx.py. Fictional data.
A4: Criteria results | C4: How to use this workbook
A5: not tested | B5: =COUNTIF(Criteria!$F$2:$F$200,A5) | C5: Blue cells are inputs you can change: finding slots and the two rating thresholds.
A6: meets | B6: =COUNTIF(Criteria!$F$2:$F$200,A6) | C6: Dropdown columns: Result (Criteria), Type (Evidence), Status and Evidence strength (Candidates), Likelihood and Impact (Findings, 1 to 3).
A7: gap | B7: =COUNTIF(Criteria!$F$2:$F$200,A7) | C7: Score and Rating on Findings are formulas. Change Likelihood or Impact and they update, and so do the counts here.
A8: can't test | B8: =COUNTIF(Criteria!$F$2:$F$200,A8) | C8: Pink cells on Findings are required fields that are empty (Criteria, Condition, Cause, Consequence, Action).
C9: Assumption: scale 1-3, High at 7 or more, Medium at 4 to 6, Low below 4. Edit the thresholds if you change the scale.
A10: Evidence by type | C10: The original work is unchanged and shown as submitted, mistakes included.
A11: system | B11: =COUNTIF(Evidence!$D$2:$D$200,A11) | C11: Teal headers (Grader note, Key rating, Grader feedback) and the row marked Added from grading are the grader's additions. See the Grading and Feedback sheets.
A12: document | B12: =COUNTIF(Evidence!$D$2:$D$200,A12)
A13: observation | B13: =COUNTIF(Evidence!$D$2:$D$200,A13)
A14: interview | B14: =COUNTIF(Evidence!$D$2:$D$200,A14)
A16: Candidates by status
A17: candidate | B17: =COUNTIF(Candidates!$C$2:$C$200,A17)
A18: selected | B18: =COUNTIF(Candidates!$C$2:$C$200,A18)
A19: dropped | B19: =COUNTIF(Candidates!$C$2:$C$200,A19)
A21: Finding slots (input) | B21: 8
A22: Slots left (submitted) | B22: =B21-B18
A24: Findings by rating | B24: Submitted | C24: Added from grading
A25: High | B25: =COUNTIFS(Findings!$O$2:$O$200,A25,Findings!$Q$2:$Q$200,"Submitted") | C25: =COUNTIFS(Findings!$O$2:$O$200,A25,Findings!$Q$2:$Q$200,"Added from grading")
A26: Medium | B26: =COUNTIFS(Findings!$O$2:$O$200,A26,Findings!$Q$2:$Q$200,"Submitted") | C26: =COUNTIFS(Findings!$O$2:$O$200,A26,Findings!$Q$2:$Q$200,"Added from grading")
A27: Low | B27: =COUNTIFS(Findings!$O$2:$O$200,A27,Findings!$Q$2:$Q$200,"Submitted") | C27: =COUNTIFS(Findings!$O$2:$O$200,A27,Findings!$Q$2:$Q$200,"Added from grading")
A29: Rating thresholds (score = likelihood x impact, scale 1-3 each)
A30: High at or above | B30: 7
A31: Medium at or above | B31: 4
A33: Findings with an empty required field | B33: =SUMPRODUCT((Findings!$A$2:$A$200<>"")*((Findings!$C$2:$C$200="")+(Findings!$D$2:$D$200="")+(Findings!$E$2:$E$200="")+(Findings!$F$2:$F$200="")+(Findings!$G$2:$G$200="")>0))
A35: Grading (from the grading report)
A36: Planted gaps caught | B36: =COUNTIF(Grading!$C$2:$C$20,"Caught*")
A37: Planted gaps missed | B37: =COUNTIF(Grading!$C$2:$C$20,"Missed")
A38: Findings submitted | B38: =COUNTIF(Findings!$Q$2:$Q$200,"Submitted")
A39: Findings added from grading | B39: =COUNTIF(Findings!$Q$2:$Q$200,"Added from grading")

Sheet Criteria
A1: ID | B1: Source | C1: Rule | D1: Evidence needed | E1: Ev # received | F1: Result | G1: Grader note
A2: C-01 | B2: incident-procedure-and-log.md rule 1 | C2: Anyone who spots a security problem (suspicious email, lost device, wrong recipient, odd login) tells the Practice Manager (J. Stone) straight away. | D2: Records showing who contacted the practice manager and when. A reported by and reported date in the incident log. | E2: EV-01: Emails were provided but were missing time and dates for when some of the incidents were reported. | F2: can't test | G2: Dropping the weak candidate for this rule, rather than padding, was the right call.
A3: C-02 | B3: incident-procedure-and-log.md rule 2 | C3: The Practice Manager records it in the incident log and takes immediate action. | D3: Record showing when the Practice Manager logged the incidents. | E3: Ev-2: Practice manager has an incident log with dates of when they were logged. | F3: meets
A4: C-03 | B4: incident-procedure-and-log.md rule 3 | C4: If patient data may be affected, the Practice Manager decides within 72 hours whether the ICO must be told and whether patients must be notified, and records the decision in the log. | D4: Date/Time of the practice manager decision, logs of when either patients were notified or when ICO was notified | E4: Ev-03: incident-and-procedure-and-log.md shows that in 3/5 incidents a decision was logged about whether an ICO/patient decision was made. INC-01 ICO was notified but patient data was not effected no need for patient notification INC-02 ICO was notified but data is encrypted no need for patient notifcation INC-5 ICO was notified drs account was access but no evidence of patient data being accessed. No need for patient notification | F4: meets | G4: Marked meets. This is wrong. The rule is conditional ("if patient data may be affected"), so test each incident: does the condition apply, and if so is a decision recorded? INC-03 and INC-04 have none. The same error hid INC-04, the missed finding.
A5: C-04 | B5: incident-procedure-and-log.md rule 4 | C5: The Practice Manager reviews every incident within 5 working days and records the cause and any change made. | D5: A report of the changes made after incidents plus the causes of these incidents. | E5: Ev-04: Document shows that INC-03 and 04 are missing review date and causes. INC-03 2026-06-19 - This incident was closed on 2026-06-19 but no review date was recorded or cause INC-04 2026-07-23 - This incident was closed on 2026-07-24 but no review date or cause recorded | F5: gap
A6: C-05 | B6: access-control-policy.md rule 1 | C6: Every member of staff has their own individual account. A shared login is allowed only with written approval from the Practice Manager, recorded in the exceptions register. | D6: evidence of the exemeptions register and written approvals for active shared accounts. | E6: Ev-06: Document shows shared logins requests for the x-ray pc, reason for this and approved by. What's missing is the requests for shared account requests for the two reception desks as shown in the user-list.csv. Jess also confirmed in interview-notes-practice-manager.md | F6: gap
A7: C-06 | B7: access-control-policy.md rule 2 | C7: Multi-factor authentication (MFA) must be switched on for every account that can open patient records. | D7: Records of active users that have MFA enabled who are actively looking at client files | E7: Ev-07: user list shows that dr.bell, dr.chaudhry, dr.dunmore, dr.eze, rec.quinn, x-ray-pc, reception-clifton and reception-redland (8/30) do not have MFA enabled out of those the 4 doctors have access to client records so they should have it enabled. | F7: gap | G7: Correct as a gap. Name should be xray-pc, not x-ray-pc.
A8: C-07 | B8: access-control-policy.md rule 3 | C8: When someone leaves the practice, their account is disabled by the end of their last working day. | D8: A list of users that have left the company, whether their account is disabled, date of disabling and last log in date | E8: Ev-08: hyg.hart, nurse.lowe, nurse.nolan, rec.rees, fin.vance all have left the company and still have their accounts enabled. Lowe, Rees and Vance all logged in after they left. Lowe: 2026-05-29,Enabled,2026-06-12 Rees: 2026-07-31,Enabled,2026-08-04 Vance: 2026-03-06,Enabled,2026-03-09 Hart left 188 days ago - still enabled Lowe left 146 days ago - still enabled Nolan left 40 days ago - still enabled Rees left 83 days ago - still enabled Vance left 230 days ago - still enabled | F8: gap
A9: C-08 | B9: access-control-policy.md rule 4 | C9: Account access is reviewed every six months by the Practice Manager. The signed review is filed. | D9: Record of the signed review and the last time it was run | E9: Ev-15: Rule states that every six months a review is done for account access. In the interview, Jess Stone stated that a review was missed in September. Access-reviews-exceptions-and-config.md has the 2026 review logged 2026-02-20. The next review should have been 2026-08-20 but was missed. | F9: gap
A10: C-09 | B10: access-control-policy.md rule 5 | C10: Passwords are at least 10 characters. Accounts lock after 5 failed sign-ins. | D10: Evidence of cofiguration settings for the passwords | E10: Ev-09: Document shows the configurations of the passwords taken recently from M365. Shows that the policy is being upheld with 10 character limit and lockout after 5 unsuccesfull attempts. | F10: meets | G10: Correct: meets. No slot was spent on password length.
A11: C-10 | B11: access-control-policy.md rule 6 | C11: Staff can open the records only of patients booked at their own clinic. Access to patient records is logged. | D11: Logs of who has been accessing the records and their locations in relation to their patients. | E11: EV-10: Requested logs for patient record access on 2026-10-21 | F11: can't test | G11: Correct: can't test, not a gap, with the request logged. Next time also ask for the clinic permission settings, not only the logs.
A12: C-11 | B12: supplier-policy-and-register.md rule 1 | C12: No personal data is shared with a supplier until a written data processing agreement (DPA) is in place. | D12: Evidence of written DPA with these suppliers and date/time when the company started sharing data. | E12: Ev-11: DentaCloud Ltd, DPA Date: 2024-09-12, Data Shared: 2024-09-30 ScanVault, DPA date: 2024-11-05, Data first shared: 2024-11-11 NetSteady, DPA date: 2025-02-10, Data first shared: 2025-02-17 BrightPay, DPA date: 2025-06-02, Data first shared: 2025-06-27 Logs show that data was shared after DPA was signed. Missing are the single record of PatientPing that the receptionists signed on for, this has no DPA signed but customer information is being signed. | F12: gap
A13: C-12 | B13: supplier-policy-and-register.md rule 2 | C13: Critical suppliers (those that hold patient records or images) are reviewed every 12 months, and the review is recorded. | D13: Evidence of the review records and when they were last done | E13: E-13: Document shows that ScanVault was last reviewed on 2024-11-05, according to the rule suppliers that handle customer images need to be reviewed every 12 months. 4/6 of the suppliers on that register are critical of those 4 only 1 has not been reviewed after a year. | F13: gap
A14: C-13 | B14: supplier-policy-and-register.md rule 3 | C14: The Practice Manager keeps the supplier register up to date. | D14: Updated supplier register and evidence of how ofter they are updated | E14: Ev-14: Document shows that it was updated on 2026-10-14 according to the rule. But for it to be up to date it would need to have all the suppliers up to date as well. ScanVault has not been reviewed since 2024-11-05. Even though the as at 2026-10-14 date shows the register was updated it lacks that updated review. | F14: gap | G14: Marked gap. This double-counts ScanVault, which is the overdue-review gap in F-06 (rule 2). This rule is about keeping the register updated.

Sheet Evidence
A1: ID | B1: Date | C1: Source | D1: Type | E1: What it shows | F1: Reliability note | G1: Grader note
A2: E-01 | B2: 2026-10-22 | C2: incident-emails.md | D2: document | E2: Shows that 2 incidents were reported straight away when they happened. 3 others unconfirmed on times they were reported and by whom | F2: Semi reliable as I can see two incidents were reported and quickly logged . Others I am unable to see if they were reported quickly.
A3: E-02 | B3: 2026-10-22 | C3: incident-procedure-and-log.md | D3: document | E3: Document shows that incidents are reported and logged by the Practice Manager. Date is included in the log so I can see when these logs were created. | F3: Semi reliable as I know from the incident-emails.md the date and time of INC-04 and 05, I can see that the Practice Manager took immediate action as per the logs. INC-01, 02, 03 do not have these dates so I'm unsure if they were dealt with swiftly.
A4: E-03 | B4: 2026-10-22 | C4: Jess Stone | D4: document | E4: incident-and-procedure-and-log.md shows that in 3/5 incidents a decision was logged about whether an ICO/patient decision was made. INC-01 ICO was notified but patient data was not effected no need for patient notification INC-02 ICO was notified but data is encrypted no need for patient notifcation INC-5 ICO was notified drs account was access but no evidence of patient data being accessed. No need for patient notification | F4: Unable to confirm if decision was made within 72 hours. | G4: Counted entries (3 of 5 with a decision) instead of testing each incident. Also says the ICO was notified for INC-01, 02 and 05. It was not: the decision in each case was that no notification was needed, and nothing was sent.
A5: E-04 | B5: 2026-10-22 | C5: Jess Stone | D5: document | E5: Document shows that INC-03 and 04 are missing review date and causes. INC-03 2026-06-19 - This incident was closed on 2026-06-19 but no review date was recorded or cause INC-04 2026-07-23 - This incident was closed on 2026-07-24 but no review date or cause recorded | F5: Unable to confirm on what caused these incidents and if any lasting changes were made.
A6: E-06 | B6: 2026-10-22 | C6: access-reviews-exceptions-and-config.md | D6: document | E6: Document shows shared logins requests for the x-ray pc, reason for this and approved by. What's missing is the requests for shared account requests for the two reception desks as shown in the user-list.csv. Jess also confirmed in interview-notes-practice-manager.md There is 1 shared logins in the register but 3 shared logins in the user list. 2 are missing from the register. | F6: Even though it shows shared login request for one instance it's missing the requests for the reception desks which according to the meeting notes is shared due to shift work.
A7: E-07 | B7: 2026-10-22 | C7: user-list.csv | D7: document | E7: user list shows that dr.bell, dr.chaudhry, dr.dunmore, dr.eze, rec.quinn, x-ray-pc, reception-clifton and reception-redland (8/30) do not have MFA enabled out of those the 4 doctors have access to client records so they should have it enabled. | G7: Name should be xray-pc. Add that 4 of the 6 dentists are affected.
A8: E-08 | B8: 2026-10-22 | C8: user-list.csv | D8: document | E8: hyg.hart, nurse.lowe, nurse.nolan, rec.rees, fin.vance all have left the company and still have their accounts enabled. Lowe, Rees and Vance all logged in after they left. Lowe: 2026-05-29,Enabled,2026-06-12 Rees: 2026-07-31,Enabled,2026-08-04 Vance: 2026-03-06,Enabled,2026-03-09 Hart left 188 days ago - still enabled Lowe left 146 days ago - still enabled Nolan left 40 days ago - still enabled Rees left 83 days ago - still enabled Vance left 230 days ago - still enabled | G8: Count should read 5 of 30 leavers enabled, 3 of the 5 signed in afterwards. Day counts are right but run to 2026-10-22, not the 2026-10-14 export.
A9: E-09 | B9: 2026-10-22 | C9: access-reviews-exceptions-and-config.md | D9: system | E9: Document shows the configurations of the passwords taken recently from M365. Shows that the policy is being upheld with 10 character limit and lockout after 5 unsuccesfull attempts. | F9: Document is recent showing the up to date settings. Unsure what they were before this date
A10: E-10 | B10: 2026-10-21 | C10: Jess | D10: document | E10: Requested logs for patient record access on 2026-10-21 | G10: Good: logged as a can't test request. Also request the clinic permission settings.
A11: E-11 | B11: 2026-10-22 | C11: supplier-dpas-and-start-dates.md | D11: document | E11: DentaCloud Ltd, DPA Date: 2024-09-12, Data Shared: 2024-09-30 ScanVault, DPA date: 2024-11-05, Data first shared: 2024-11-11 NetSteady, DPA date: 2025-02-10, Data first shared: 2025-02-17 BrightPay, DPA date: 2025-06-02, Data first shared: 2025-06-27 Logs show that data was shared after DPA was signed. Missing are the single record of PatientPing that the receptionists signed on for, this has no DPA signed but customer information is being signed. | F11: Start dates come from Practice Managers records | G11: Good: reliability noted (start dates come from the practice manager's own records).
A12: E-12 | B12: 2026-10-22 | C12: supplier-policy-and-register.md | D12: document | E12: PatientPing has access to patient names and mobile numbers. This was set up by the reception desk according to interview-notes-practice-manager.md. No DPA was recorded for this even though personal data was shared.
A13: E-13 | B13: 2026-10-22 | C13: supplier-policy-and-register.md | D13: document | E13: Document shows that ScanVault was last reviewed on 2024-11-05, according to the rule suppliers that handle customer images need to be reviewed every 12 months. 4/6 of the suppliers on that register are critical of those 4 only 1 has not been reviewed after a year.
A14: E-14 | B14: 2026-10-22 | C14: supplier-policy-and-register.md | D14: document | E14: Document shows that it was updated on 2026-10-14 according to the rule. But for it to be up to date it would need to have all the suppliers up to date as well. ScanVault has not been reviewed since 2024-11-05. Even though the as at 2026-10-14 date shows the register was updated it lacks that updated review. | F14: I have no previous versions so unable to confirm how often the register is updated.
A15: E-15 | B15: 2026-10-22 | C15: interview-notes-practice-manager.md | D15: interview | E15: Rule states that every six months a review is done for account access. In the interview, Jess Stone stated that a review was missed in September. Access-reviews-exceptions-and-config.md has the 2026 review logged 2026-02-20. The next review should have been 2026-08-20 but was missed.

Sheet Candidates
A1: ID | B1: Title | C1: Status | D1: Evidence strength | E1: Why | F1: Grader note
A2: F-02 | B2: Rule one in incident procedure not being followed | C2: dropped | D2: weak | E2: "Anyone who spots a security problem (suspicious email, lost device, wrong recipient, odd login) tells the Practice Manager (J. Stone) straight away.". Evidence from incident-emails.md show that two reports were made as they happened, provided dates prove this in both incident-emails.md and incident-procedure-and-log.md . Missing reports from INC-01, 02 and 03. So unable to confirm if they were actioned straight away. This is weak evidence because I am unable to confirm timing. | F2: Good call to drop: weak evidence, and no padding.
A3: F-03 | B3: MFA not being used | C3: selected | D3: strong | E3: "Multi-factor authentication (MFA) must be switched on for every account that can open patient records."User list shows that dr.bell, dr.chaudhry, dr.dunmore, dr.eze, rec.quinn, x-ray-pc, reception-clifton and reception-redland (8/30) do not have MFA enable even though they have access to client files. From the interview-notes-practice-manager.md On MFA: "Some of the dentists said it slows them down between patients, so we held off for them." In the incident-procedure-and-log.md it shows that INC-05 was dr.bell who had a sign in alert from overseas, dr bell does not have MFA enabled. This is strong evidence that the rule is not being followed.
A4: F-04 | B4: Users who have left still have accounts enabled | C4: selected | D4: strong | E4: "When someone leaves the practice, their account is disabled by the end of their last working day." Rule from access-control-policy.md says that acounts will be disabled by end of their last day. List shows that accounts are still enabled. Evidence is strong because the list goes against the policy and in some cases users have been accessing their accounts after they have left. Lowe, Rees and Vance all logged in after they left.
A5: F-05 | B5: Review of Access is not being being run as per the schedule. | C5: selected | D5: strong | E5: "Account access is reviewed every six months by the Practice Manager. The signed review is filed." This rule states that it should be run every six months but in the interview-notes-practice-manager.md the last review was missed. This is strong because access-reviews-exceptions-and-config.md shows the 2026-02-20 date as the last run date. It should have been run on 2026-08-20 but was not.
A6: F-06 | B6: Review of critical suppliers is being missed | C6: selected | D6: strong | E6: "Critical suppliers (those that hold patient records or images) are reviewed every 12 months, and the review is recorded." According to this rule critical suppliers should be getting reviewed yearly but, in supplier-policy-and-register.md, there is one instance of ScanVault not being reviewed for quite sometime. This is strong evidence as it goes against the policy for a supplier who handles customer data to be reviewed yearly.
A7: F-07 | B7: Shared login exemtpions are not being logged in the requests | C7: selected | D7: strong | E7: "Every member of staff has their own individual account. A shared login is allowed only with written approval from the Practice Manager, recorded in the exceptions register." In the rule it states exemptions should be logged in the register. There are 2 counts of shared accounts not being logged, the user-list.csv has both the reception desks as shared accounts but the access-reviews-exceptions-and-config.md do not have them logged. This is strong because it breaks the rule and is shown in multiple files to have broken the rule.
A8: F-08 | B8: Customer information being shared with no DPA | C8: selected | D8: strong | E8: "No personal data is shared with a supplier until a written data processing agreement (DPA) is in place." Although the table that was given to me shows that data was only shared with companies after the DPA was signed, one company was missing. A DPA was never signed with PatientPing even though they shared customer information with said company. This is strong because the rule clearly states that suppliers who handle customer information need to sign the DPA but this is not the case as this supplier never had to sign one.
A9: F-09 | B9: Causes were listed as recorded but no information on the causes | C9: selected | D9: strong | E9: "The Practice Manager reviews every incident within 5 working days and records the cause and any change made." Even though 3/5 have review dates and cause 2/5 are missing those columns. Document shows that INC-03 and 04 are missing review date and causes. INC-03 2026-06-19 - This incident was closed on 2026-06-19 but no review date was recorded or cause INC-04 2026-07-23 - This incident was closed on 2026-07-24 but no review date or cause recorded This is strong because it's breaking the rule where these records should have those fields filled in. | F9: Title is confusing. It should say the review and cause are missing for 2 of 5 incidents.

Sheet Findings
A1: ID | B1: Title | C1: Criteria | D1: Condition | E1: Cause | F1: Consequence | G1: Action | H1: Owner | I1: Due | J1: Likelihood | K1: Why that likelihood | L1: Impact | M1: Why that impact | N1: Score | O1: Rating | P1: Control ref | Q1: Origin | R1: Key rating | S1: Grader feedback
A2: F-03 | B2: MFA not being used | C2: Rule 2, access-control-policy.md, Multi-factor authentication (MFA) must be switched on for every account that can open patient records. | D2: 8/30 Accounts do not have MFA enabled. Ev-07 | F2: MFA is a security barrier that stops people from accessing accounts without a second form of authenication for example a phone. This could lead to unauthorized access if a malicious actor is able to get a password. This was the case for INC-05 in which dr.bell had no MFA enabled and an overseas actor was able to access the account. | G2: Users are unable to access client information without MFA. Force set up of MFA. | H2: Jess Stone | I2: 2026-10-25 | J2: 3 | K2: It as already happened | L2: 3 | M2: Without MFA people have one less security block to access client data | N2: =IF(AND(ISNUMBER(J2),ISNUMBER(L2)),J2*L2,"") | O2: =IF(N2="","",IF(N2>=Summary!$B$30,"High",IF(N2>=Summary!$B$31,"Medium","Low"))) | P2: N/A | Q2: Submitted | R2: 9 High | S2: Caught, rating matches. Fix xray-pc. Add 4 of 6 dentists and explain why all 8 accounts can open patient records. No Cause line. Good: INC-05 linked and kept inside this finding.
A3: F-04 | B3: Users who have left still have accounts enabled | C3: Rule 3, access-control-policy.md "When someone leaves the practice, their account is disabled by the end of their last working day." | D3: 3/30 of the accounts all accessed their accounts after they left, another 3/30 still have their accounts enabled. Ev-08 | E3: Access review was done 2026-02-20 and should be done every 6 months but was not done on 2026-08-20 | F3: If users can still access their accounts even after they have left the company then they could still access company data. This is a security risk as you are no longer in control of the data and who is viewing it. | G3: Disable all inactive accounts and regularly review who is still at the company and who has left. | H3: Jess Stone | I3: 2026-10-27 | J3: 3 | K3: It's already happening | L3: 3 | M3: Users who are still active could access and download user data | N3: =IF(AND(ISNUMBER(J3),ISNUMBER(L3)),J3*L3,"") | O3: =IF(N3="","",IF(N3>=Summary!$B$30,"High",IF(N3>=Summary!$B$31,"Medium","Low"))) | Q3: Submitted | R3: 9 High | S3: Caught, rating matches. Counts: the finding says 3/30 and another 3/30. The count is 5 of 30 leavers enabled, 3 of the 5 signed in afterwards. Day counts run to 2026-10-22, not the 2026-10-14 export.
A4: F-05 | B4: Review of Access is not being being run as per the schedule. | C4: Rule 4, access-control-policy.md, "Account access is reviewed every six months by the Practice Manager. The signed review is filed." | D4: Evidence shows that the last review was done on 2026-02-20, Ev-15, access-reviews-exceptions-and-config.md | F4: Not reviewing accounts leads to some accounts not being disabled when they should be. It also can lead to things like shared accounts not being registered. | G4: Action the review of the access control policy. Set up reminders for it to be done or even attempt some automation to remind you that there are still enabled accounts. | H4: Jess Stone | I4: 2026-10-27 | J4: 2 | K4: Reviews do happen but the evidence shows the latest one was missed. | L4: 3 | M4: Not reviewing who has access regularly can mean that accounts stay active for long for people who have left the company. | N4: =IF(AND(ISNUMBER(J4),ISNUMBER(L4)),J4*L4,"") | O4: =IF(N4="","",IF(N4>=Summary!$B$30,"High",IF(N4>=Summary!$B$31,"Medium","Low"))) | Q4: Submitted | R4: 4 Medium (same band) | S4: Caught, same band as the key. Quantify: review due 2026-08-20, none filed by 30 Sep (41 days). No Cause line.
A5: F-06 | B5: Review of critical suppliers is being missed | C5: "Critical suppliers (those that hold patient records or images) are reviewed every 12 months, and the review is recorded. " Rule 2, supplier-policy-and-register.md | D5: Evidence shows that out of the 4/6 of the suppliers used are noted as critical 1/4 has not been reviewed since 2024-11-05. This breaks the rule as suppliers who are noted as critical should be getting reviewed every 12 months and that review is recorded. | F5: Patient data needs to be secured correctly. Yearly reviews mean that you can review how your supplier is doing. If they are not working as intended then you can look at other options. | G5: Set reminders for you to meet for reviews for the companies when the 12 months has come up. Review ScanVault as soon as possible to make sure they're handling your customer data correctly. | H5: Jess Stone | I5: 2026-10-27 | J5: 3 | K5: Rule is been broken now. | L5: 2 | M5: The majority of your suppliers have been reviewed, this one has just fallen through the cracks. | N5: =IF(AND(ISNUMBER(J5),ISNUMBER(L5)),J5*L5,"") | O5: =IF(N5="","",IF(N5>=Summary!$B$30,"High",IF(N5>=Summary!$B$31,"Medium","Low"))) | Q5: Submitted | R5: 4 to 6 Medium | S5: Caught, within the key's range. Quantify: due 2025-11-05, about 11 months overdue at 30 Sep 2026. No Cause line.
A6: F-07 | B6: Shared login exemtpions are not being logged in the requests | C6: "Every member of staff has their own individual account. A shared login is allowed only with written approval from the Practice Manager, recorded in the exceptions register." Rule 1, access-control-policy.md | D6: Evidence shows that there are 3 listed shared accounts in the user.csv but only 1/3 of those are listed in the Exceptions Register. Ev-06 | F6: Shared logins amongst users can wide the attack surface as more people have access to the logins. Passwords are shared which means users need to all look after that single password. | G6: Register those shared accounts in ther register so you have a record of them being active. Also require MFA with those accounts for extra security | H6: Jess Stone | I6: 2026-10-23 | J6: 2 | K6: Likelihood of losing the password is low but could still happen. | L6: 2 | M6: 1/3 accounts is register and that is the more significant one, 2/3 are the shared reception desks. | N6: =IF(AND(ISNUMBER(J6),ISNUMBER(L6)),J6*L6,"") | O6: =IF(N6="","",IF(N6>=Summary!$B$30,"High",IF(N6>=Summary!$B$31,"Medium","Low"))) | Q6: Submitted | R6: 6 Medium | S6: Caught, same band. The stronger impact point is accountability: with a shared login you cannot tell who opened which record. No Cause line.
A7: F-08 | B7: Customer information being shared with no DPA | C7: "No personal data is shared with a supplier until a written data processing agreement (DPA) is in place." Rule 1, suplier-policy-and-register.md | D7: Evidence shows that clients names and contact information was shared with PatientPing when a DPA was never signed. 5/6 of the suppliers had DPAs signed but 1/6 is missing. Ev-11 and 12 | E7: Receptionist signed up for the supplier online | F7: Not having a paper trail when using a supplier that handles customer information can fallback onto the company. If any of that data were to leak to outside sources this could blowback on the company for not getting the correct paperwork in order before sharing information. | G7: Before using PatientPing again, request them to sign a DPA or at least ask them to show there standard terms as with Microsoft. | H7: Jess Stone | I7: 2026-11-05 | J7: 1 | K7: Online companies usually have a standard terms in which they handle and process data. | L7: 2 | M7: The data shared is clients names and numbers which would cause problems if they were leaked | N7: =IF(AND(ISNUMBER(J7),ISNUMBER(L7)),J7*L7,"") | O7: =IF(N7="","",IF(N7>=Summary!$B$30,"High",IF(N7>=Summary!$B$31,"Medium","Low"))) | Q7: Submitted | R7: 6 to 9 Medium to High | S7: Caught but rated too low. The Low rating rests on an outside assumption (online companies usually have standard terms). The policy requires a written DPA before data is shared. PatientPing holds patient names and mobile numbers and was never reviewed.
A8: F-09 | B8: Causes were listed as recorded but no information on the causes | C8: "The Practice Manager reviews every incident within 5 working days and records the cause and any change made." Rule 4, incident-procedure-and-log.md | D8: Evidence shows that 3/5 had review dates and cause added to them but 2/5 were missing the review dates and causes. Ev-04 | F8: Incidents logs are very important it gives you a snapshot in time in when that particular even happened. Someone reviewing this information needs to be able to see when that incident was reviewed and if the cause of that incident was logged otherwise the logs are missing valuable information. | G8: Future logs need to be complete in order for them to be consistent. If you are able update those logs with the correct information. | H8: Jess Stone | I8: 2026-10-24 | J8: 2 | K8: Information is being stored correctly in most cases but some are lacking | L8: 1 | M8: Minor impact as these logs are helpful to go back and look at but pose no security threat. | N8: =IF(AND(ISNUMBER(J8),ISNUMBER(L8)),J8*L8,"") | O8: =IF(N8="","",IF(N8>=Summary!$B$30,"High",IF(N8>=Summary!$B$31,"Medium","Low"))) | Q8: Submitted | R8: 6 Medium | S8: Caught but rated too low. Incidents are going unreviewed now (likelihood 3). Title is confusing. No Cause line.
A9: F-10 | B9: Wrong-patient email (INC-04) was never assessed for reporting | C9: Step 3, incident-procedure-and-log.md: "If patient data may be affected, the Practice Manager decides within 72 hours whether the ICO must be told and whether patients must be notified, and records the decision in the log." | D9: On 2026-07-23 a receptionist emailed tomorrow's appointment list (patient names and treatments) to the wrong patient. The only action was a phone call asking them to delete it. No decision on reporting to the ICO or telling patients is recorded, and the incident was closed on 2026-07-24 with no review. INC-03 also has no decision, so 2 of 5 incidents lack one. | E9: The practice treated the incident as dealt with once the recipient said she had deleted it, and "didn't want to alarm anyone" (interview). | F9: A list of patient names and treatments is health data, so this may be a reportable personal data breach. The 72-hour window has passed with no decision on record, and there is no record that the patients on the list were told. | G9: Assess INC-04 now, record the decision (with a reason if no report is made), tell the affected patients if required, and apply the step 3 check to every future incident. | H9: Jess Stone | I9: 2026-10-27 | J9: 3 | K9: It has already happened and no assessment was made | L9: 3 | M9: The data is patient names and treatments, which is health information | N9: =IF(AND(ISNUMBER(J9),ISNUMBER(L9)),J9*L9,"") | O9: =IF(N9="","",IF(N9>=Summary!$B$30,"High",IF(N9>=Summary!$B$31,"Medium","Low"))) | Q9: Added from grading | R9: 9 High | S9: Missed by the assessor. Added from the grading report's description. Owner and due date are proposed, not from the grader.

Sheet Grading
A1: # | B1: Planted gap | C1: Result | D1: Your rating | E1: Key rating | F1: Finding
A2: 1 | B2: Leavers still enabled (access rule 3): 5 of 30, 3 signed in after leaving | C2: Caught | D2: 9 | E2: 9 | F2: F-04
A3: 2 | B3: MFA off (access rule 2): 8 of 30, INC-05 linked | C3: Caught | D3: 9 | E3: 9 | F3: F-03
A4: 3 | B4: Shared logins without approval (access rule 1): 2 of 3 | C4: Caught | D4: 4 | E4: 6 (same band) | F4: F-07
A5: 4 | B5: Access review overdue (access rule 4): due 2026-08-20, none filed | C5: Caught | D5: 6 | E5: 4 (same band) | F5: F-05
A6: 5 | B6: INC-04 not assessed (incident procedure step 3) | C6: Missed | D6: n/a | E6: 9 | F6: F-10 (added)
A7: 6 | B7: Incident reviews missing (incident procedure step 4): 2 of 5 | C7: Caught, rated too low | D7: 2 | E7: 6 | F7: F-09
A8: 7 | B8: PatientPing, no DPA (supplier rule 1): 5 of 6 have DPAs | C8: Caught, rated too low | D8: 2 | E8: 6 to 9 | F8: F-08
A9: 8 | B9: ScanVault review overdue (supplier rule 2): 1 of 4 critical | C9: Caught | D9: 6 | E9: 4 to 6 | F9: F-06

Sheet Feedback
A1: Section | B1: Point | C1: Detail
A2: Grading summary | B2: Planted gaps caught | C2: 7 of 8. Missed: INC-04 (incident procedure step 3).
A3: Grading summary | B3: Ratings | C3: 5 of 7 within one step of the key. Two rated too low: PatientPing and the incident reviews.
A4: Grading summary | B4: False traps avoided | C4: Password length, the data protection lead role, backups, training and the privacy notice.
A5: Grading summary | B5: Can't test | C5: C-10 handled correctly: not a gap, evidence requested.
A6: Grading summary | B6: Slots | C6: Only 7 findings submitted. The deliverable is exactly 8.
A7: Grading summary | B7: What was missed | C7: INC-04: on 2026-07-23 a receptionist emailed tomorrow's appointment list (patient names and treatments) to the wrong patient. The only action was a phone call asking them to delete it. No ICO or patient decision was recorded and no review followed. The interview note says "we didn't want to alarm anyone". This breaks incident procedure step 3. Likelihood 3 x Impact 3 = High (9).
A8: Grading summary | B8: How it slipped through | C8: C-03 was marked meets because 3 of 5 incidents had a decision logged. The rule is conditional, so test per incident. INC-03 and INC-04 are the two without a decision. INC-04 also supports F-09 but needs its own finding with its own evidence.
A9: Done well | B9: Policy quoted and counted | C9: Quoted the policy rule in every finding and used counts (8/30, 2 of 3, 5/6).
A10: Done well | B10: Password length | C10: Correctly marked C-09 as meets and did not spend a slot on it.
A11: Done well | B11: INC-05 | C11: Linked to the MFA finding and kept inside it.
A12: Done well | B12: Access review | C12: Noticed that a timely access review would likely have caught the leavers.
... A20: For next time | B20: 5 | C20: Check any claim in your notes against the source before it goes into a finding.
